date,session_key,humidity,pressure,air_temperature,wind_direction,wind_speed,meeting_key,track_temperature,rainfall
2023-11-26T12:01:07.296000+00:00,9197,49.0,1014.4,27.7,358,3.0,1226,38.2,0
2023-11-26T12:02:07.295000+00:00,9197,49.0,1014.2,27.7,285,2.2,1226,38.2,0
2023-11-26T12:03:07.310000+00:00,9197,49.0,1014.2,27.7,272,3.0,1226,38.2,0
2023-11-26T12:04:07.309000+00:00,9197,50.0,1014.4,27.7,266,2.2,1226,38.2,0
2023-11-26T12:05:07.308000+00:00,9197,48.0,1014.2,27.6,341,2.2,1226,38.2,0
2023-11-26T12:06:07.308000+00:00,9197,49.0,1014.2,27.6,287,2.7,1226,37.6,0
2023-11-26T12:07:07.307000+00:00,9197,50.0,1014.4,27.6,306,2.7,1226,37.8,0
2023-11-26T12:08:07.306000+00:00,9197,50.0,1014.4,27.6,276,2.7,1226,37.8,0
2023-11-26T12:09:07.306000+00:00,9197,51.0,1014.2,27.5,330,2.5,1226,37.7,0
2023-11-26T12:10:07.305000+00:00,9197,51.0,1014.5,27.5,256,2.5,1226,37.6,0
2023-11-26T12:11:07.304000+00:00,9197,50.0,1014.4,27.5,270,2.5,1226,37.4,0
2023-11-26T12:12:07.304000+00:00,9197,50.0,1014.4,27.5,272,0.8,1226,37.4,0
2023-11-26T12:13:07.303000+00:00,9197,50.0,1014.4,27.5,18,1.8,1226,37.3,0
2023-11-26T12:14:07.302000+00:00,9197,50.0,1014.5,27.6,260,2.0,1226,37.5,0
2023-11-26T12:15:07.317000+00:00,9197,50.0,1014.4,27.6,297,2.2,1226,37.3,0
2023-11-26T12:16:07.316000+00:00,9197,50.0,1014.5,27.6,284,2.0,1226,37.1,0
2023-11-26T12:17:07.316000+00:00,9197,50.0,1014.4,27.5,278,2.0,1226,36.8,0
2023-11-26T12:18:07.315000+00:00,9197,50.0,1014.4,27.5,267,1.7,1226,36.8,0
2023-11-26T12:19:07.314000+00:00,9197,50.0,1014.4,27.6,281,2.4,1226,36.7,0
2023-11-26T12:20:07.314000+00:00,9197,50.0,1014.4,27.6,345,2.0,1226,36.5,0
2023-11-26T12:21:07.313000+00:00,9197,51.0,1014.2,27.5,288,2.2,1226,36.5,0
2023-11-26T12:22:07.312000+00:00,9197,49.0,1014.2,27.5,263,2.4,1226,36.6,0
2023-11-26T12:23:07.312000+00:00,9197,50.0,1014.4,27.5,339,1.5,1226,35.9,0
2023-11-26T12:24:07.311000+00:00,9197,49.0,1014.4,27.5,2,1.8,1226,35.9,0
2023-11-26T12:25:07.310000+00:00,9197,49.0,1014.4,27.5,323,2.2,1226,36.4,0
2023-11-26T12:26:07.310000+00:00,9197,48.0,1014.4,27.5,295,2.0,1226,36.4,0
2023-11-26T12:27:07.309000+00:00,9197,48.0,1014.4,27.5,297,1.2,1226,35.5,0
2023-11-26T12:28:07.324000+00:00,9197,49.0,1014.4,27.5,294,1.3,1226,35.8,0
2023-11-26T12:29:07.323000+00:00,9197,49.0,1014.5,27.5,247,1.8,1226,35.8,0
2023-11-26T12:30:07.322000+00:00,9197,48.0,1014.5,27.5,317,1.8,1226,35.8,0
2023-11-26T12:31:07.322000+00:00,9197,48.0,1014.5,27.5,282,2.0,1226,35.6,0
2023-11-26T12:32:07.321000+00:00,9197,49.0,1014.5,27.4,256,1.8,1226,35.6,0
2023-11-26T12:33:07.320000+00:00,9197,49.0,1014.5,27.4,256,1.8,1226,35.6,0
2023-11-26T12:34:07.320000+00:00,9197,49.0,1014.7,27.4,275,2.0,1226,35.5,0
2023-11-26T12:35:07.319000+00:00,9197,49.0,1014.5,27.4,343,1.7,1226,35.5,0
2023-11-26T12:36:07.318000+00:00,9197,49.0,1014.5,27.4,250,1.7,1226,35.5,0
2023-11-26T12:37:07.318000+00:00,9197,49.0,1014.5,27.4,281,2.2,1226,35.4,0
2023-11-26T12:38:07.333000+00:00,9197,50.0,1014.5,27.3,301,2.4,1226,35.4,0
2023-11-26T12:39:07.332000+00:00,9197,50.0,1014.7,27.3,278,2.0,1226,35.3,0
2023-11-26T12:40:07.331000+00:00,9197,50.0,1014.5,27.3,297,1.2,1226,35.1,0
2023-11-26T12:41:07.331000+00:00,9197,49.0,1014.5,27.3,325,2.2,1226,35.1,0
2023-11-26T12:42:07.330000+00:00,9197,48.0,1014.7,27.3,314,2.2,1226,34.8,0
2023-11-26T12:43:07.329000+00:00,9197,49.0,1014.7,27.3,284,2.0,1226,34.8,0
2023-11-26T12:44:07.329000+00:00,9197,48.0,1014.7,27.3,308,1.7,1226,34.7,0
2023-11-26T12:45:07.328000+00:00,9197,48.0,1014.7,27.3,297,2.2,1226,34.7,0
2023-11-26T12:46:07.327000+00:00,9197,49.0,1014.7,27.3,271,1.7,1226,34.6,0
2023-11-26T12:47:07.326000+00:00,9197,49.0,1014.7,27.3,275,1.8,1226,34.6,0
2023-11-26T12:48:07.326000+00:00,9197,50.0,1014.7,27.3,269,2.0,1226,34.4,0
2023-11-26T12:49:07.325000+00:00,9197,49.0,1014.7,27.3,269,1.7,1226,34.3,0
2023-11-26T12:50:07.324000+00:00,9197,49.0,1014.7,27.3,308,1.8,1226,34.3,0
2023-11-26T12:51:07.324000+00:00,9197,49.0,1014.7,27.3,271,1.8,1226,34.4,0
2023-11-26T12:52:07.339000+00:00,9197,50.0,1014.7,27.3,266,1.5,1226,34.4,0
2023-11-26T12:53:07.338000+00:00,9197,49.0,1014.7,27.3,265,1.8,1226,34.4,0
2023-11-26T12:54:07.337000+00:00,9197,49.0,1014.7,27.3,266,1.7,1226,34.4,0
2023-11-26T12:55:07.337000+00:00,9197,49.0,1014.7,27.2,286,1.5,1226,34.3,0
2023-11-26T12:56:07.336000+00:00,9197,49.0,1014.7,27.2,288,1.6,1226,34.3,0
2023-11-26T12:57:07.335000+00:00,9197,50.0,1014.7,27.2,257,1.8,1226,34.0,0
2023-11-26T12:58:07.335000+00:00,9197,49.0,1014.7,27.2,293,2.2,1226,33.6,0
2023-11-26T12:59:07.334000+00:00,9197,50.0,1014.7,27.2,273,1.7,1226,33.7,0
2023-11-26T13:00:07.333000+00:00,9197,50.0,1014.9,27.2,290,1.8,1226,33.7,0
2023-11-26T13:01:07.348000+00:00,9197,49.0,1014.9,27.1,284,2.0,1226,33.7,0
2023-11-26T13:02:07.332000+00:00,9197,49.0,1015.0,27.1,273,1.8,1226,33.6,0
2023-11-26T13:03:07.347000+00:00,9197,49.0,1014.9,27.0,309,2.2,1226,33.6,0
2023-11-26T13:04:07.346000+00:00,9197,49.0,1014.7,27.1,345,2.0,1226,33.6,0
2023-11-26T13:05:07.345000+00:00,9197,49.0,1014.7,27.0,263,2.4,1226,33.6,0
2023-11-26T13:06:07.345000+00:00,9197,51.0,1014.9,27.0,359,1.7,1226,33.4,0
2023-11-26T13:07:07.344000+00:00,9197,49.0,1014.9,27.1,344,1.7,1226,33.7,0
2023-11-26T13:08:07.343000+00:00,9197,50.0,1014.9,27.0,313,2.2,1226,33.7,0
2023-11-26T13:09:07.343000+00:00,9197,50.0,1014.9,27.0,262,1.8,1226,33.2,0
2023-11-26T13:10:07.342000+00:00,9197,50.0,1014.7,27.0,273,2.4,1226,33.1,0
2023-11-26T13:11:07.341000+00:00,9197,50.0,1014.9,27.0,275,2.5,1226,33.0,0
2023-11-26T13:12:07.341000+00:00,9197,50.0,1014.9,27.0,264,1.7,1226,33.0,0
2023-11-26T13:13:07.340000+00:00,9197,51.0,1014.9,27.0,276,2.0,1226,33.2,0
2023-11-26T13:14:07.355000+00:00,9197,50.0,1015.0,27.0,289,2.0,1226,33.1,0
2023-11-26T13:15:07.370000+00:00,9197,51.0,1014.9,26.9,242,2.0,1226,33.0,0
2023-11-26T13:16:07.385000+00:00,9197,51.0,1014.9,26.9,278,2.0,1226,32.8,0
2023-11-26T13:17:07.400000+00:00,9197,51.0,1014.9,26.9,256,2.0,1226,32.7,0
2023-11-26T13:18:07.415000+00:00,9197,52.0,1014.9,26.9,250,1.7,1226,32.7,0
2023-11-26T13:19:07.430000+00:00,9197,52.0,1014.9,26.9,273,2.0,1226,32.9,0
2023-11-26T13:20:07.445000+00:00,9197,52.0,1014.9,26.9,265,2.2,1226,32.8,0
2023-11-26T13:21:07.444000+00:00,9197,52.0,1015.0,26.8,255,1.8,1226,32.8,0
2023-11-26T13:22:07.459000+00:00,9197,53.0,1015.0,26.8,324,2.0,1226,32.5,0
2023-11-26T13:23:07.474000+00:00,9197,53.0,1015.0,26.8,258,1.7,1226,32.5,0
2023-11-26T13:24:07.473000+00:00,9197,53.0,1015.0,26.8,260,1.7,1226,32.5,0
2023-11-26T13:25:07.472000+00:00,9197,54.0,1015.0,26.8,291,1.8,1226,32.5,0
2023-11-26T13:26:07.472000+00:00,9197,54.0,1015.0,26.8,255,2.0,1226,32.3,0
2023-11-26T13:27:07.487000+00:00,9197,54.0,1015.0,26.7,287,1.7,1226,32.3,0
2023-11-26T13:28:07.486000+00:00,9197,53.0,1015.0,26.7,259,1.7,1226,32.3,0
2023-11-26T13:29:07.485000+00:00,9197,53.0,1015.0,26.6,261,1.5,1226,32.6,0
2023-11-26T13:30:07.485000+00:00,9197,52.0,1015.0,26.7,338,1.7,1226,32.6,0
2023-11-26T13:31:07.484000+00:00,9197,52.0,1015.0,26.7,256,1.5,1226,32.6,0
2023-11-26T13:32:07.483000+00:00,9197,52.0,1015.0,26.7,259,1.6,1226,32.5,0
2023-11-26T13:33:07.514000+00:00,9197,52.0,1015.2,26.7,294,1.7,1226,32.6,0
2023-11-26T13:34:07.482000+00:00,9197,51.0,1015.2,26.7,293,1.8,1226,32.6,0
2023-11-26T13:35:07.497000+00:00,9197,52.0,1015.0,26.7,265,1.3,1226,32.4,0
2023-11-26T13:36:07.512000+00:00,9197,53.0,1015.2,26.7,341,1.7,1226,32.4,0
2023-11-26T13:37:07.511000+00:00,9197,51.0,1015.2,26.7,264,1.2,1226,32.1,0
2023-11-26T13:38:07.526000+00:00,9197,52.0,1015.2,26.7,268,1.5,1226,32.1,0
2023-11-26T13:39:07.541000+00:00,9197,53.0,1015.2,26.7,331,1.7,1226,32.1,0
2023-11-26T13:40:07.540000+00:00,9197,52.0,1015.2,26.7,261,1.5,1226,31.9,0
2023-11-26T13:41:07.540000+00:00,9197,52.0,1015.2,26.7,271,1.7,1226,32.0,0
2023-11-26T13:42:07.539000+00:00,9197,53.0,1015.2,26.6,320,1.5,1226,32.0,0
2023-11-26T13:43:07.538000+00:00,9197,52.0,1015.2,26.7,268,1.8,1226,32.0,0
2023-11-26T13:44:07.538000+00:00,9197,53.0,1015.2,26.7,275,1.7,1226,32.1,0
2023-11-26T13:45:07.537000+00:00,9197,53.0,1015.2,26.6,329,1.2,1226,32.1,0
2023-11-26T13:46:07.536000+00:00,9197,52.0,1015.2,26.6,309,2.0,1226,32.1,0
2023-11-26T13:47:07.535000+00:00,9197,52.0,1015.2,26.6,296,1.2,1226,32.1,0
2023-11-26T13:48:07.535000+00:00,9197,52.0,1015.2,26.6,286,2.0,1226,31.7,0
2023-11-26T13:49:07.550000+00:00,9197,52.0,1015.2,26.6,282,1.2,1226,31.9,0
2023-11-26T13:50:07.549000+00:00,9197,52.0,1015.2,26.6,274,1.7,1226,31.9,0
2023-11-26T13:51:07.548000+00:00,9197,51.0,1015.2,26.6,345,1.7,1226,31.6,0
2023-11-26T13:52:07.548000+00:00,9197,51.0,1015.2,26.6,257,1.7,1226,31.7,0
2023-11-26T13:53:07.547000+00:00,9197,51.0,1015.4,26.6,262,1.1,1226,31.7,0
2023-11-26T13:54:07.546000+00:00,9197,51.0,1015.2,26.5,311,1.3,1226,31.9,0
2023-11-26T13:55:07.546000+00:00,9197,51.0,1015.2,26.6,340,1.2,1226,31.8,0
2023-11-26T13:56:07.545000+00:00,9197,51.0,1015.2,26.6,305,1.2,1226,31.7,0
2023-11-26T13:57:07.560000+00:00,9197,51.0,1015.4,26.6,273,1.5,1226,31.7,0
2023-11-26T13:58:07.544000+00:00,9197,51.0,1015.4,26.7,320,1.6,1226,31.4,0
2023-11-26T13:59:07.558000+00:00,9197,51.0,1015.2,26.7,354,1.7,1226,31.4,0
2023-11-26T14:00:07.558000+00:00,9197,52.0,1015.2,26.7,350,1.5,1226,31.4,0
2023-11-26T14:01:07.557000+00:00,9197,52.0,1015.2,26.6,358,1.7,1226,31.4,0
2023-11-26T14:02:07.556000+00:00,9197,52.0,1015.4,26.6,262,1.8,1226,31.5,0
2023-11-26T14:03:07.556000+00:00,9197,53.0,1015.2,26.6,297,1.7,1226,31.1,0
2023-11-26T14:04:07.555000+00:00,9197,52.0,1015.4,26.6,266,1.6,1226,31.1,0
2023-11-26T14:05:07.554000+00:00,9197,52.0,1015.2,26.6,356,1.7,1226,31.4,0
2023-11-26T14:06:07.554000+00:00,9197,52.0,1015.2,26.6,285,1.7,1226,31.3,0
2023-11-26T14:07:07.584000+00:00,9197,52.0,1015.2,26.5,281,1.3,1226,31.3,0
2023-11-26T14:08:07.568000+00:00,9197,52.0,1015.2,26.6,271,1.3,1226,31.4,0
2023-11-26T14:09:07.567000+00:00,9197,52.0,1015.4,26.5,265,1.3,1226,31.3,0
2023-11-26T14:10:07.582000+00:00,9197,52.0,1015.2,26.5,299,1.2,1226,31.3,0
2023-11-26T14:11:07.597000+00:00,9197,53.0,1015.2,26.5,285,1.7,1226,31.2,0
2023-11-26T14:12:07.596000+00:00,9197,53.0,1015.4,26.5,287,1.3,1226,31.1,0
2023-11-26T14:13:07.611000+00:00,9197,53.0,1015.2,26.5,290,1.3,1226,31.2,0
2023-11-26T14:14:07.611000+00:00,9197,53.0,1015.2,26.5,355,1.7,1226,31.2,0
2023-11-26T14:15:07.610000+00:00,9197,53.0,1015.2,26.5,343,1.7,1226,31.0,0
2023-11-26T14:16:07.609000+00:00,9197,53.0,1015.2,26.5,289,1.7,1226,31.0,0
2023-11-26T14:17:07.624000+00:00,9197,53.0,1015.2,26.4,269,2.0,1226,31.1,0
2023-11-26T14:18:07.639000+00:00,9197,53.0,1015.4,26.4,281,1.8,1226,31.2,0
2023-11-26T14:19:07.638000+00:00,9197,53.0,1015.2,26.5,268,1.8,1226,31.0,0
2023-11-26T14:20:07.638000+00:00,9197,53.0,1015.4,26.5,263,1.5,1226,31.0,0
2023-11-26T14:21:07.637000+00:00,9197,53.0,1015.5,26.5,263,1.7,1226,31.0,0
2023-11-26T14:22:07.636000+00:00,9197,53.0,1015.5,26.5,303,1.3,1226,31.0,0
2023-11-26T14:23:07.651000+00:00,9197,53.0,1015.5,26.6,275,1.2,1226,31.1,0
2023-11-26T14:24:07.635000+00:00,9197,53.0,1015.5,26.5,257,2.0,1226,31.1,0
2023-11-26T14:25:07.650000+00:00,9197,53.0,1015.5,26.5,282,1.7,1226,31.0,0
2023-11-26T14:26:07.649000+00:00,9197,53.0,1015.5,26.5,282,1.7,1226,31.0,0
2023-11-26T14:27:07.664000+00:00,9197,53.0,1015.5,26.5,282,1.7,1226,31.0,0
2023-11-26T14:28:07.679000+00:00,9197,53.0,1015.5,26.4,282,1.7,1226,31.0,0
2023-11-26T14:29:07.678000+00:00,9197,53.0,1015.5,26.3,282,1.7,1226,31.0,0
2023-11-26T14:30:07.678000+00:00,9197,54.0,1015.7,26.4,266,1.3,1226,30.8,0
2023-11-26T14:31:07.693000+00:00,9197,54.0,1015.7,26.4,293,1.2,1226,30.8,0
2023-11-26T14:32:07.692000+00:00,9197,54.0,1015.7,26.4,279,1.7,1226,30.8,0
2023-11-26T14:33:07.707000+00:00,9197,54.0,1015.7,26.4,283,1.8,1226,30.8,0
2023-11-26T14:34:07.691000+00:00,9197,54.0,1015.7,26.4,314,1.5,1226,30.6,0
2023-11-26T14:35:07.705000+00:00,9197,54.0,1015.7,26.4,273,1.5,1226,30.6,0
2023-11-26T14:36:07.705000+00:00,9197,54.0,1015.7,26.3,316,1.8,1226,30.5,0
