date,session_key,meeting_key,wind_direction,air_temperature,pressure,humidity,rainfall,wind_speed,track_temperature
2023-10-22T18:01:47.219000+00:00,9213,1222,85,28.6,995.0,49.0,0,3.2,39.4
2023-10-22T18:02:47.218000+00:00,9213,1222,108,28.6,995.2,50.0,0,4.0,39.3
2023-10-22T18:03:47.216000+00:00,9213,1222,87,28.6,995.2,50.0,0,1.8,39.2
2023-10-22T18:04:47.215000+00:00,9213,1222,91,28.6,995.0,50.0,0,3.4,39.9
2023-10-22T18:05:47.214000+00:00,9213,1222,99,28.6,995.0,50.0,0,3.0,40.0
2023-10-22T18:06:47.213000+00:00,9213,1222,137,28.5,995.0,51.0,0,1.8,39.9
2023-10-22T18:07:47.228000+00:00,9213,1222,134,28.5,995.0,51.0,0,2.5,39.2
2023-10-22T18:08:47.242000+00:00,9213,1222,113,28.5,995.0,49.0,0,3.5,39.2
2023-10-22T18:09:47.241000+00:00,9213,1222,97,28.8,995.0,49.0,0,2.4,39.6
2023-10-22T18:10:47.240000+00:00,9213,1222,99,28.8,995.0,50.0,0,3.0,39.6
2023-10-22T18:11:47.255000+00:00,9213,1222,108,28.9,994.9,45.0,0,4.0,39.6
2023-10-22T18:12:47.269000+00:00,9213,1222,111,29.0,995.0,44.0,0,5.3,40.3
2023-10-22T18:13:47.268000+00:00,9213,1222,100,29.0,994.9,45.0,0,5.1,40.2
2023-10-22T18:14:47.267000+00:00,9213,1222,110,29.0,994.9,46.0,0,3.5,39.9
2023-10-22T18:15:47.266000+00:00,9213,1222,132,29.0,995.0,46.0,0,3.4,39.9
2023-10-22T18:16:47.281000+00:00,9213,1222,104,29.0,994.9,46.0,0,3.5,40.0
2023-10-22T18:17:47.279000+00:00,9213,1222,106,29.1,994.9,45.0,0,3.4,40.0
2023-10-22T18:18:47.294000+00:00,9213,1222,111,29.2,994.9,46.0,0,2.4,39.6
2023-10-22T18:19:47.309000+00:00,9213,1222,116,29.1,994.7,46.0,0,3.0,39.2
2023-10-22T18:20:47.323000+00:00,9213,1222,100,29.0,994.9,47.0,0,3.2,39.9
2023-10-22T18:21:47.353000+00:00,9213,1222,97,28.9,994.7,47.0,0,4.0,39.9
2023-10-22T18:22:47.352000+00:00,9213,1222,85,28.7,994.7,48.0,0,3.4,39.8
2023-10-22T18:23:47.351000+00:00,9213,1222,126,28.8,994.7,48.0,0,3.4,39.8
2023-10-22T18:24:47.350000+00:00,9213,1222,101,28.9,994.7,47.0,0,3.9,40.2
2023-10-22T18:25:47.349000+00:00,9213,1222,103,29.0,994.7,47.0,0,3.7,39.7
2023-10-22T18:26:47.348000+00:00,9213,1222,102,29.0,994.5,47.0,0,2.5,39.2
2023-10-22T18:27:47.347000+00:00,9213,1222,97,29.0,994.7,48.0,0,3.0,39.4
2023-10-22T18:28:47.346000+00:00,9213,1222,124,29.0,994.7,48.0,0,3.7,39.4
2023-10-22T18:29:47.345000+00:00,9213,1222,98,29.0,994.5,48.0,0,3.7,39.6
2023-10-22T18:30:47.359000+00:00,9213,1222,111,29.0,994.5,48.0,0,3.2,39.8
2023-10-22T18:31:47.342000+00:00,9213,1222,105,29.2,994.5,47.0,0,4.4,39.6
2023-10-22T18:32:47.357000+00:00,9213,1222,94,29.3,994.5,45.0,0,3.5,39.7
2023-10-22T18:33:47.356000+00:00,9213,1222,101,29.1,994.5,46.0,0,3.4,39.5
2023-10-22T18:34:47.355000+00:00,9213,1222,91,29.0,994.5,46.0,0,2.7,39.4
2023-10-22T18:35:47.354000+00:00,9213,1222,89,29.0,994.5,47.0,0,2.2,39.4
2023-10-22T18:36:47.368000+00:00,9213,1222,139,29.0,994.5,46.0,0,1.0,39.6
2023-10-22T18:37:47.367000+00:00,9213,1222,99,29.0,994.5,46.0,0,2.7,40.0
2023-10-22T18:38:47.351000+00:00,9213,1222,102,29.2,994.5,46.0,0,3.4,40.0
2023-10-22T18:39:47.365000+00:00,9213,1222,109,29.2,994.5,46.0,0,3.0,40.0
2023-10-22T18:40:47.364000+00:00,9213,1222,99,29.2,994.4,45.0,0,2.0,40.0
2023-10-22T18:41:47.363000+00:00,9213,1222,102,29.3,994.4,44.0,0,3.2,40.3
2023-10-22T18:42:47.362000+00:00,9213,1222,102,29.5,994.4,44.0,0,3.2,40.3
2023-10-22T18:43:47.361000+00:00,9213,1222,101,29.6,994.4,44.0,0,4.4,40.5
2023-10-22T18:44:47.360000+00:00,9213,1222,111,29.6,994.4,44.0,0,4.4,40.9
2023-10-22T18:45:47.359000+00:00,9213,1222,107,29.6,994.4,44.0,0,3.4,40.4
2023-10-22T18:46:47.358000+00:00,9213,1222,109,29.5,994.2,43.0,0,4.0,40.4
2023-10-22T18:47:47.357000+00:00,9213,1222,106,29.4,994.4,43.0,0,4.0,40.2
2023-10-22T18:48:47.371000+00:00,9213,1222,101,29.3,994.2,43.0,0,3.2,39.7
2023-10-22T18:49:47.370000+00:00,9213,1222,107,29.2,994.2,43.0,0,3.0,39.9
2023-10-22T18:50:47.369000+00:00,9213,1222,102,29.4,994.2,44.0,0,1.7,39.9
2023-10-22T18:51:47.368000+00:00,9213,1222,96,29.5,994.2,44.0,0,4.3,39.8
2023-10-22T18:52:47.382000+00:00,9213,1222,110,29.5,994.2,44.0,0,3.7,39.8
2023-10-22T18:53:47.428000+00:00,9213,1222,76,29.6,994.2,44.0,0,3.5,39.6
2023-10-22T18:54:47.411000+00:00,9213,1222,86,29.5,994.0,44.0,0,4.3,39.9
2023-10-22T18:55:47.410000+00:00,9213,1222,98,29.5,994.0,44.0,0,4.5,40.3
2023-10-22T18:56:47.441000+00:00,9213,1222,100,29.5,994.2,43.0,0,5.3,40.3
2023-10-22T18:57:47.440000+00:00,9213,1222,98,29.6,994.2,43.0,0,4.0,41.0
2023-10-22T18:58:47.438000+00:00,9213,1222,127,29.7,994.0,44.0,0,1.7,40.2
2023-10-22T18:59:47.453000+00:00,9213,1222,92,29.7,994.2,43.0,0,1.6,39.8
2023-10-22T19:00:47.452000+00:00,9213,1222,102,29.7,994.0,43.0,0,2.2,40.2
2023-10-22T19:01:47.466000+00:00,9213,1222,112,29.6,994.0,42.0,0,3.7,41.1
2023-10-22T19:02:47.465000+00:00,9213,1222,132,29.8,994.0,42.0,0,3.5,40.9
2023-10-22T19:03:47.464000+00:00,9213,1222,103,29.9,994.0,42.0,0,2.9,40.8
2023-10-22T19:04:47.479000+00:00,9213,1222,100,29.9,994.0,42.0,0,2.5,40.9
2023-10-22T19:05:47.493000+00:00,9213,1222,109,29.8,993.9,42.0,0,3.0,40.8
2023-10-22T19:06:47.508000+00:00,9213,1222,111,29.9,994.0,42.0,0,2.2,40.8
2023-10-22T19:07:47.554000+00:00,9213,1222,95,29.9,994.0,41.0,0,2.9,40.7
2023-10-22T19:08:47.506000+00:00,9213,1222,99,29.9,994.0,42.0,0,3.2,40.7
2023-10-22T19:09:47.505000+00:00,9213,1222,96,29.9,994.0,41.0,0,4.0,40.7
2023-10-22T19:10:47.504000+00:00,9213,1222,107,29.9,993.9,42.0,0,4.0,40.6
2023-10-22T19:11:47.503000+00:00,9213,1222,100,30.0,993.9,43.0,0,2.5,40.5
2023-10-22T19:12:47.501000+00:00,9213,1222,100,30.0,994.0,43.0,0,3.9,40.6
2023-10-22T19:13:47.500000+00:00,9213,1222,97,30.0,994.0,42.0,0,3.7,40.5
2023-10-22T19:14:47.499000+00:00,9213,1222,102,30.0,993.9,41.0,0,3.2,41.0
2023-10-22T19:15:47.498000+00:00,9213,1222,123,30.0,993.9,40.0,0,4.1,40.5
2023-10-22T19:16:47.513000+00:00,9213,1222,118,30.0,993.7,41.0,0,3.4,41.1
2023-10-22T19:17:47.512000+00:00,9213,1222,102,30.0,993.7,41.0,0,2.4,41.1
2023-10-22T19:18:47.511000+00:00,9213,1222,105,30.0,993.7,41.0,0,3.5,40.3
2023-10-22T19:19:47.510000+00:00,9213,1222,107,30.0,993.9,41.0,0,3.2,40.4
2023-10-22T19:20:47.555000+00:00,9213,1222,114,30.1,993.7,41.0,0,4.4,40.5
2023-10-22T19:21:47.617000+00:00,9213,1222,92,30.0,993.7,41.0,0,3.4,40.7
2023-10-22T19:22:47.506000+00:00,9213,1222,76,30.0,993.5,42.0,0,3.5,40.0
2023-10-22T19:23:47.505000+00:00,9213,1222,82,30.0,993.7,42.0,0,3.5,40.8
2023-10-22T19:24:47.504000+00:00,9213,1222,88,30.3,993.7,41.0,0,1.1,41.5
2023-10-22T19:25:47.519000+00:00,9213,1222,324,30.4,993.5,40.0,0,1.5,41.5
2023-10-22T19:26:47.518000+00:00,9213,1222,85,30.4,993.5,39.0,0,1.5,41.5
2023-10-22T19:27:47.517000+00:00,9213,1222,113,30.4,993.5,39.0,0,3.4,41.3
2023-10-22T19:28:47.516000+00:00,9213,1222,101,30.4,993.5,39.0,0,2.5,41.5
2023-10-22T19:29:47.499000+00:00,9213,1222,103,30.3,993.5,39.0,0,2.2,41.6
2023-10-22T19:30:47.513000+00:00,9213,1222,95,30.5,993.5,38.0,0,3.2,41.5
2023-10-22T19:31:47.512000+00:00,9213,1222,103,30.4,993.5,38.0,0,1.8,41.5
2023-10-22T19:32:47.527000+00:00,9213,1222,72,30.4,993.5,38.0,0,2.9,41.5
2023-10-22T19:33:47.510000+00:00,9213,1222,85,30.5,993.2,39.0,0,5.0,41.8
2023-10-22T19:34:47.572000+00:00,9213,1222,91,30.3,993.5,40.0,0,6.6,41.5
2023-10-22T19:35:47.524000+00:00,9213,1222,106,30.2,993.5,40.0,0,4.3,41.6
2023-10-22T19:36:47.523000+00:00,9213,1222,86,30.2,993.5,40.0,0,3.5,41.6
2023-10-22T19:37:47.522000+00:00,9213,1222,94,30.1,993.5,40.0,0,2.7,41.3
2023-10-22T19:38:47.520000+00:00,9213,1222,343,30.1,993.5,40.0,0,2.2,41.3
2023-10-22T19:39:47.519000+00:00,9213,1222,143,30.2,993.5,39.0,0,2.4,40.9
2023-10-22T19:40:47.550000+00:00,9213,1222,101,30.2,993.4,39.0,0,2.5,41.3
2023-10-22T19:41:47.517000+00:00,9213,1222,102,30.3,993.4,39.0,0,2.2,41.4
2023-10-22T19:42:47.516000+00:00,9213,1222,330,30.3,993.4,39.0,0,2.5,41.4
2023-10-22T19:43:47.531000+00:00,9213,1222,103,30.4,993.4,38.0,0,1.3,42.0
2023-10-22T19:44:47.608000+00:00,9213,1222,93,30.7,993.2,37.0,0,3.7,42.0
2023-10-22T19:45:47.622000+00:00,9213,1222,101,30.7,993.4,37.0,0,4.5,41.6
2023-10-22T19:46:47.574000+00:00,9213,1222,112,30.5,993.4,38.0,0,4.0,41.3
2023-10-22T19:47:47.589000+00:00,9213,1222,104,30.4,993.2,38.0,0,4.0,41.2
2023-10-22T19:48:47.588000+00:00,9213,1222,99,30.4,993.2,39.0,0,4.0,41.0
2023-10-22T19:49:47.618000+00:00,9213,1222,108,30.4,993.2,38.0,0,4.0,41.3
2023-10-22T19:50:47.601000+00:00,9213,1222,93,30.5,993.2,37.0,0,5.3,41.4
2023-10-22T19:51:47.616000+00:00,9213,1222,90,30.5,993.2,37.0,0,4.5,41.4
2023-10-22T19:52:47.630000+00:00,9213,1222,80,30.5,993.2,37.0,0,5.3,41.2
2023-10-22T19:53:47.629000+00:00,9213,1222,92,30.4,993.2,37.0,0,4.8,41.0
2023-10-22T19:54:47.644000+00:00,9213,1222,67,30.2,993.2,38.0,0,4.0,41.0
2023-10-22T19:55:47.643000+00:00,9213,1222,106,30.1,993.2,38.0,0,3.0,41.0
2023-10-22T19:56:47.657000+00:00,9213,1222,93,30.3,993.2,38.0,0,2.4,41.2
2023-10-22T19:57:47.656000+00:00,9213,1222,124,30.4,993.0,37.0,0,4.1,41.0
2023-10-22T19:58:47.655000+00:00,9213,1222,68,30.6,993.0,37.0,0,3.2,41.6
2023-10-22T19:59:47.654000+00:00,9213,1222,91,30.7,993.0,37.0,0,6.1,41.6
2023-10-22T20:00:47.669000+00:00,9213,1222,84,30.5,993.2,38.0,0,6.0,41.8
2023-10-22T20:01:47.699000+00:00,9213,1222,109,30.5,993.2,38.0,0,4.9,41.5
2023-10-22T20:02:47.698000+00:00,9213,1222,97,30.5,993.2,38.0,0,3.7,41.1
2023-10-22T20:03:47.712000+00:00,9213,1222,93,30.4,993.2,39.0,0,5.0,41.3
2023-10-22T20:04:47.711000+00:00,9213,1222,78,30.5,993.0,39.0,0,4.9,41.6
2023-10-22T20:05:47.710000+00:00,9213,1222,73,30.6,993.0,38.0,0,4.5,41.6
2023-10-22T20:06:47.709000+00:00,9213,1222,90,30.5,993.0,38.0,0,5.0,41.5
2023-10-22T20:07:47.708000+00:00,9213,1222,74,30.4,993.2,39.0,0,4.9,41.4
2023-10-22T20:08:47.707000+00:00,9213,1222,85,30.4,993.0,39.0,0,4.5,41.4
2023-10-22T20:09:47.722000+00:00,9213,1222,95,30.2,993.0,39.0,0,3.4,41.2
2023-10-22T20:10:47.721000+00:00,9213,1222,97,30.3,993.0,39.0,0,1.7,41.0
2023-10-22T20:11:47.735000+00:00,9213,1222,96,30.4,993.0,39.0,0,2.5,41.0
2023-10-22T20:12:47.750000+00:00,9213,1222,93,30.5,993.0,39.0,0,2.5,41.4
2023-10-22T20:13:47.764000+00:00,9213,1222,51,30.7,992.9,39.0,0,1.2,41.5
2023-10-22T20:14:47.763000+00:00,9213,1222,97,30.8,992.9,38.0,0,2.4,41.9
2023-10-22T20:15:47.762000+00:00,9213,1222,107,31.0,993.0,38.0,0,3.7,42.2
2023-10-22T20:16:47.761000+00:00,9213,1222,98,30.9,993.0,38.0,0,4.0,42.1
2023-10-22T20:17:47.760000+00:00,9213,1222,105,30.9,993.0,38.0,0,5.0,41.8
2023-10-22T20:18:47.759000+00:00,9213,1222,109,30.8,993.0,39.0,0,4.6,41.7
2023-10-22T20:19:47.773000+00:00,9213,1222,93,30.6,993.0,39.0,0,3.4,40.7
2023-10-22T20:20:47.772000+00:00,9213,1222,134,30.5,993.0,39.0,0,5.0,40.7
2023-10-22T20:21:47.771000+00:00,9213,1222,125,30.6,993.0,39.0,0,1.7,41.3
2023-10-22T20:22:47.770000+00:00,9213,1222,357,30.8,993.0,38.0,0,1.5,41.3
2023-10-22T20:23:47.785000+00:00,9213,1222,84,30.9,993.0,38.0,0,1.6,41.3
2023-10-22T20:24:47.784000+00:00,9213,1222,99,31.0,993.0,38.0,0,3.2,41.7
2023-10-22T20:25:47.783000+00:00,9213,1222,98,31.0,992.9,38.0,0,3.9,41.6
2023-10-22T20:26:47.797000+00:00,9213,1222,81,30.9,993.0,39.0,0,4.5,41.0
2023-10-22T20:27:47.812000+00:00,9213,1222,96,30.9,992.9,39.0,0,3.2,40.8
2023-10-22T20:28:47.826000+00:00,9213,1222,64,31.0,992.7,39.0,0,3.9,40.9
2023-10-22T20:29:47.825000+00:00,9213,1222,56,31.0,992.9,40.0,0,3.7,41.1
2023-10-22T20:30:47.840000+00:00,9213,1222,333,30.9,992.7,40.0,0,1.2,40.9
2023-10-22T20:31:47.839000+00:00,9213,1222,322,30.9,992.7,39.0,0,1.6,41.3
2023-10-22T20:32:47.853000+00:00,9213,1222,26,30.9,992.9,39.0,0,2.4,41.3
2023-10-22T20:33:47.852000+00:00,9213,1222,89,30.8,992.7,39.0,0,1.7,40.8
2023-10-22T20:34:47.867000+00:00,9213,1222,118,30.7,992.7,39.0,0,2.4,40.8
2023-10-22T20:35:47.850000+00:00,9213,1222,105,30.8,992.9,40.0,0,2.5,41.0
2023-10-22T20:36:47.865000+00:00,9213,1222,110,30.8,992.9,40.0,0,3.2,40.5
2023-10-22T20:37:47.879000+00:00,9213,1222,104,30.8,992.7,41.0,0,3.4,40.2
2023-10-22T20:38:47.878000+00:00,9213,1222,110,30.8,992.7,41.0,0,3.2,40.4
2023-10-22T20:39:47.924000+00:00,9213,1222,104,30.8,992.7,41.0,0,2.7,40.4
2023-10-22T20:40:47.939000+00:00,9213,1222,100,30.8,992.7,41.0,0,2.4,40.6
2023-10-22T20:41:47.906000+00:00,9213,1222,102,30.7,992.7,42.0,0,2.4,40.6
2023-10-22T20:42:47.905000+00:00,9213,1222,132,30.7,992.7,41.0,0,3.5,40.3
2023-10-22T20:43:47.904000+00:00,9213,1222,86,30.6,992.7,42.0,0,3.0,39.9
2023-10-22T20:44:47.903000+00:00,9213,1222,108,30.6,992.9,43.0,0,2.5,39.3
2023-10-22T20:45:47.902000+00:00,9213,1222,82,30.6,992.7,42.0,0,2.9,39.0
2023-10-22T20:46:47.917000+00:00,9213,1222,95,30.6,992.7,43.0,0,4.1,39.7
2023-10-22T20:47:47.916000+00:00,9213,1222,76,30.6,992.7,43.0,0,2.7,39.9
2023-10-22T20:48:47.915000+00:00,9213,1222,82,30.6,992.5,43.0,0,2.4,39.7
