date,session_key,meeting_key,rainfall,wind_speed,track_temperature,air_temperature,humidity,pressure,wind_direction
2023-07-02T12:01:10.088000+00:00,9118,1213,0,1.0,31.2,21.7,56.0,934.2,90
2023-07-02T12:02:10.087000+00:00,9118,1213,0,1.2,31.1,21.6,55.0,934.2,110
2023-07-02T12:03:10.086000+00:00,9118,1213,0,1.2,31.0,21.6,55.0,934.2,171
2023-07-02T12:04:10.085000+00:00,9118,1213,0,0.6,30.8,21.6,55.0,934.2,9
2023-07-02T12:05:10.225000+00:00,9118,1213,0,0.8,30.6,21.5,55.0,934.2,69
2023-07-02T12:06:10.083000+00:00,9118,1213,0,0.6,30.9,21.6,55.0,934.2,83
2023-07-02T12:07:10.082000+00:00,9118,1213,0,1.1,30.9,21.5,55.0,934.2,100
2023-07-02T12:08:10.081000+00:00,9118,1213,0,1.2,30.7,21.5,56.0,934.2,99
2023-07-02T12:09:10.095000+00:00,9118,1213,0,1.8,30.5,21.5,54.0,934.2,62
2023-07-02T12:10:10.094000+00:00,9118,1213,0,0.8,30.7,21.6,54.0,934.2,83
2023-07-02T12:11:10.093000+00:00,9118,1213,0,1.0,30.8,21.6,54.0,934.2,143
2023-07-02T12:12:10.092000+00:00,9118,1213,0,0.8,31.2,21.6,54.0,934.2,56
2023-07-02T12:13:10.201000+00:00,9118,1213,0,0.8,31.2,21.7,53.0,934.2,68
2023-07-02T12:14:10.106000+00:00,9118,1213,0,1.2,31.2,21.8,54.0,934.2,68
2023-07-02T12:15:10.120000+00:00,9118,1213,0,1.1,31.2,21.9,51.0,934.0,70
2023-07-02T12:16:10.135000+00:00,9118,1213,0,2.2,31.2,21.9,51.0,934.2,59
2023-07-02T12:17:10.134000+00:00,9118,1213,0,1.8,31.4,21.9,50.0,934.0,77
2023-07-02T12:18:10.149000+00:00,9118,1213,0,1.5,31.3,21.9,51.0,934.0,69
2023-07-02T12:19:10.147000+00:00,9118,1213,0,2.2,31.0,21.8,52.0,934.0,60
2023-07-02T12:20:10.146000+00:00,9118,1213,1,1.6,31.0,21.7,53.0,934.0,49
2023-07-02T12:21:10.145000+00:00,9118,1213,1,1.3,30.7,21.8,53.0,934.0,80
2023-07-02T12:22:10.144000+00:00,9118,1213,0,1.5,30.8,21.7,53.0,934.2,102
2023-07-02T12:23:10.159000+00:00,9118,1213,0,1.0,31.1,21.9,53.0,934.0,67
2023-07-02T12:24:10.158000+00:00,9118,1213,0,1.7,31.7,21.9,53.0,934.0,67
2023-07-02T12:25:10.157000+00:00,9118,1213,0,1.8,32.0,21.9,53.0,934.0,73
2023-07-02T12:26:10.156000+00:00,9118,1213,0,1.2,32.0,22.0,53.0,934.0,67
2023-07-02T12:27:10.186000+00:00,9118,1213,0,1.7,32.5,22.0,51.0,934.0,68
2023-07-02T12:28:10.185000+00:00,9118,1213,0,1.7,32.0,22.1,52.0,934.0,87
2023-07-02T12:29:10.184000+00:00,9118,1213,0,0.6,32.3,22.2,51.0,934.0,52
2023-07-02T12:30:10.183000+00:00,9118,1213,0,0.8,33.3,22.2,51.0,934.2,66
2023-07-02T12:31:10.182000+00:00,9118,1213,0,1.6,33.3,22.1,52.0,934.0,96
2023-07-02T12:32:10.181000+00:00,9118,1213,0,1.0,32.7,22.2,51.0,934.0,64
2023-07-02T12:33:10.180000+00:00,9118,1213,0,2.0,32.7,22.2,51.0,934.0,65
2023-07-02T12:34:10.179000+00:00,9118,1213,0,0.8,32.7,22.2,52.0,934.0,51
2023-07-02T12:35:10.177000+00:00,9118,1213,0,0.6,33.2,22.3,52.0,934.2,0
2023-07-02T12:36:10.176000+00:00,9118,1213,0,0.5,33.2,22.3,51.0,934.0,64
2023-07-02T12:37:10.175000+00:00,9118,1213,0,0.6,33.2,22.2,51.0,934.0,24
2023-07-02T12:38:10.190000+00:00,9118,1213,0,0.6,32.4,22.1,50.0,934.0,0
2023-07-02T12:39:10.189000+00:00,9118,1213,0,0.0,32.4,22.1,51.0,934.0,0
2023-07-02T12:40:10.188000+00:00,9118,1213,0,0.0,32.6,22.2,51.0,934.0,51
2023-07-02T12:41:10.187000+00:00,9118,1213,0,0.6,33.3,22.2,51.0,934.0,291
2023-07-02T12:42:10.188000+00:00,9118,1213,0,0.8,33.8,22.2,50.0,934.0,341
2023-07-02T12:43:10.185000+00:00,9118,1213,0,0.5,33.6,22.3,49.0,934.0,357
2023-07-02T12:44:10.184000+00:00,9118,1213,0,0.6,33.5,22.3,50.0,934.0,329
2023-07-02T12:45:10.198000+00:00,9118,1213,0,0.4,32.8,22.3,50.0,934.0,209
2023-07-02T12:46:10.197000+00:00,9118,1213,0,0.4,32.7,22.3,50.0,934.0,237
2023-07-02T12:47:10.212000+00:00,9118,1213,0,0.6,32.2,22.3,50.0,934.0,234
2023-07-02T12:48:10.226000+00:00,9118,1213,0,1.2,32.2,22.3,51.0,934.0,264
2023-07-02T12:49:10.241000+00:00,9118,1213,1,1.3,32.3,22.3,50.0,934.0,267
2023-07-02T12:50:10.240000+00:00,9118,1213,0,1.3,32.5,22.3,50.0,934.0,259
2023-07-02T12:51:10.254000+00:00,9118,1213,0,1.6,32.2,22.2,51.0,934.0,255
2023-07-02T12:52:10.253000+00:00,9118,1213,0,1.8,32.1,22.1,51.0,934.0,249
2023-07-02T12:53:10.252000+00:00,9118,1213,0,1.8,32.1,22.1,51.0,934.0,264
2023-07-02T12:54:10.267000+00:00,9118,1213,0,1.1,32.1,22.2,51.0,934.0,247
2023-07-02T12:55:10.297000+00:00,9118,1213,0,2.0,32.3,22.3,51.0,934.0,254
2023-07-02T12:56:10.311000+00:00,9118,1213,0,2.0,32.2,22.3,50.0,934.0,253
2023-07-02T12:57:10.310000+00:00,9118,1213,0,1.8,31.8,22.3,50.0,934.0,242
2023-07-02T12:58:10.325000+00:00,9118,1213,0,2.0,31.7,22.2,51.0,934.0,241
2023-07-02T12:59:10.324000+00:00,9118,1213,0,2.2,31.7,22.1,52.0,933.9,218
2023-07-02T13:00:10.323000+00:00,9118,1213,0,1.0,31.9,22.1,51.0,934.0,246
2023-07-02T13:01:10.322000+00:00,9118,1213,0,0.8,32.0,22.1,51.0,933.9,269
2023-07-02T13:02:10.321000+00:00,9118,1213,0,0.5,32.1,22.1,51.0,934.0,263
2023-07-02T13:03:10.319000+00:00,9118,1213,0,1.2,32.0,22.1,51.0,934.0,246
2023-07-02T13:04:10.350000+00:00,9118,1213,0,1.2,32.1,22.2,51.0,933.9,232
2023-07-02T13:05:10.349000+00:00,9118,1213,0,1.1,32.1,22.3,50.0,934.0,240
2023-07-02T13:06:10.347000+00:00,9118,1213,0,1.2,32.9,22.4,51.0,934.0,154
2023-07-02T13:07:10.346000+00:00,9118,1213,0,0.6,33.0,22.5,51.0,934.0,323
2023-07-02T13:08:10.345000+00:00,9118,1213,0,0.5,33.3,22.6,49.0,934.0,0
2023-07-02T13:09:10.360000+00:00,9118,1213,0,0.0,34.3,22.7,49.0,934.0,0
2023-07-02T13:10:10.609000+00:00,9118,1213,0,1.1,34.3,22.8,49.0,934.0,216
2023-07-02T13:11:10.373000+00:00,9118,1213,0,1.0,33.8,22.9,50.0,934.0,80
2023-07-02T13:12:10.607000+00:00,9118,1213,0,0.8,33.6,23.0,51.0,934.0,103
2023-07-02T13:13:10.372000+00:00,9118,1213,0,1.1,33.4,23.0,50.0,934.0,0
2023-07-02T13:14:10.620000+00:00,9118,1213,0,1.3,33.6,23.2,50.0,933.9,53
2023-07-02T13:15:10.385000+00:00,9118,1213,0,1.2,33.6,23.2,49.0,933.9,71
2023-07-02T13:16:10.399000+00:00,9118,1213,0,0.8,34.0,23.2,49.0,934.0,112
2023-07-02T13:17:10.398000+00:00,9118,1213,0,1.3,34.1,23.2,49.0,933.9,0
2023-07-02T13:18:10.413000+00:00,9118,1213,0,0.8,34.1,23.2,49.0,934.0,81
2023-07-02T13:19:10.584000+00:00,9118,1213,0,1.2,34.2,23.2,49.0,933.9,86
2023-07-02T13:20:10.426000+00:00,9118,1213,0,0.8,34.5,23.1,48.0,934.0,161
2023-07-02T13:21:10.425000+00:00,9118,1213,0,0.8,34.5,23.2,48.0,934.0,161
2023-07-02T13:22:10.424000+00:00,9118,1213,0,1.1,34.4,23.2,49.0,934.0,50
2023-07-02T13:23:10.423000+00:00,9118,1213,0,0.6,34.1,23.0,49.0,934.0,284
2023-07-02T13:24:10.438000+00:00,9118,1213,0,0.4,34.0,22.9,49.0,934.0,285
2023-07-02T13:25:10.468000+00:00,9118,1213,0,0.8,32.9,22.9,49.0,934.0,330
2023-07-02T13:26:10.467000+00:00,9118,1213,0,0.8,32.6,22.8,50.0,934.0,69
2023-07-02T13:27:10.513000+00:00,9118,1213,0,0.8,32.7,22.8,51.0,934.0,95
2023-07-02T13:28:10.480000+00:00,9118,1213,0,0.8,32.4,22.8,51.0,934.0,73
2023-07-02T13:29:10.479000+00:00,9118,1213,0,1.2,32.8,22.7,51.0,934.0,145
2023-07-02T13:30:10.509000+00:00,9118,1213,0,1.0,32.8,22.8,51.0,934.0,325
2023-07-02T13:31:10.508000+00:00,9118,1213,0,0.8,32.5,22.8,52.0,934.0,93
2023-07-02T13:32:10.523000+00:00,9118,1213,0,1.0,32.6,22.7,51.0,934.0,86
2023-07-02T13:33:10.537000+00:00,9118,1213,0,1.2,32.6,22.7,52.0,934.0,118
2023-07-02T13:34:10.552000+00:00,9118,1213,0,1.5,32.5,22.7,51.0,934.0,3
2023-07-02T13:35:10.566000+00:00,9118,1213,0,0.8,32.5,22.7,51.0,934.0,0
2023-07-02T13:36:10.565000+00:00,9118,1213,0,0.5,32.5,22.7,50.0,934.0,64
2023-07-02T13:37:10.564000+00:00,9118,1213,0,0.8,32.2,22.6,51.0,934.0,47
2023-07-02T13:38:10.563000+00:00,9118,1213,0,1.2,32.1,22.6,51.0,934.0,85
2023-07-02T13:39:10.562000+00:00,9118,1213,0,1.2,31.5,22.6,51.0,934.0,29
2023-07-02T13:40:10.577000+00:00,9118,1213,0,1.2,31.9,22.6,52.0,934.0,112
2023-07-02T13:41:10.560000+00:00,9118,1213,0,1.6,32.2,22.7,52.0,934.0,113
2023-07-02T13:42:10.575000+00:00,9118,1213,0,1.1,32.2,22.7,53.0,934.0,94
2023-07-02T13:43:10.574000+00:00,9118,1213,0,1.2,32.1,22.7,52.0,934.2,129
2023-07-02T13:44:10.572000+00:00,9118,1213,0,1.2,31.9,22.6,53.0,934.0,94
2023-07-02T13:45:10.587000+00:00,9118,1213,0,1.0,31.8,22.5,53.0,934.0,80
2023-07-02T13:46:10.586000+00:00,9118,1213,0,1.7,31.7,22.5,53.0,934.0,167
2023-07-02T13:47:10.601000+00:00,9118,1213,0,1.7,31.7,22.5,53.0,934.0,167
2023-07-02T13:48:10.599000+00:00,9118,1213,0,1.3,31.5,22.5,52.0,934.0,72
2023-07-02T13:49:10.598000+00:00,9118,1213,0,1.1,31.4,22.5,53.0,934.0,9
2023-07-02T13:50:10.597000+00:00,9118,1213,0,1.2,31.4,22.5,53.0,934.0,56
2023-07-02T13:51:10.596000+00:00,9118,1213,0,1.5,31.3,22.5,53.0,934.0,176
2023-07-02T13:52:10.595000+00:00,9118,1213,0,1.0,31.4,22.5,53.0,934.0,203
2023-07-02T13:53:10.610000+00:00,9118,1213,0,0.8,31.3,22.5,53.0,934.0,137
2023-07-02T13:54:10.609000+00:00,9118,1213,0,1.5,31.2,22.5,53.0,934.0,262
2023-07-02T13:55:10.639000+00:00,9118,1213,0,0.6,31.0,22.3,54.0,934.0,1
2023-07-02T13:56:10.638000+00:00,9118,1213,0,1.2,31.0,22.2,55.0,934.0,321
2023-07-02T13:57:10.652000+00:00,9118,1213,0,0.8,30.7,22.3,55.0,934.0,57
2023-07-02T13:58:10.651000+00:00,9118,1213,0,0.6,30.7,22.3,56.0,933.9,235
2023-07-02T13:59:10.666000+00:00,9118,1213,0,1.2,30.6,22.4,56.0,934.0,353
2023-07-02T14:00:10.665000+00:00,9118,1213,0,1.1,31.0,22.4,55.0,934.0,307
2023-07-02T14:01:10.679000+00:00,9118,1213,0,0.6,31.5,22.3,55.0,934.0,42
2023-07-02T14:02:10.678000+00:00,9118,1213,0,1.2,31.6,22.4,55.0,934.0,82
2023-07-02T14:03:10.661000+00:00,9118,1213,0,1.6,31.7,22.5,54.0,934.0,93
2023-07-02T14:04:10.676000+00:00,9118,1213,0,1.2,31.5,22.5,55.0,934.0,95
2023-07-02T14:05:10.659000+00:00,9118,1213,0,1.7,31.5,22.5,54.0,934.0,133
2023-07-02T14:06:10.674000+00:00,9118,1213,0,1.5,31.5,22.5,55.0,934.0,97
2023-07-02T14:07:10.673000+00:00,9118,1213,0,2.0,31.1,22.6,55.0,934.0,134
2023-07-02T14:08:10.703000+00:00,9118,1213,0,1.5,31.1,22.5,55.0,934.0,92
2023-07-02T14:09:10.702000+00:00,9118,1213,0,1.6,31.1,22.6,55.0,934.0,78
2023-07-02T14:10:10.732000+00:00,9118,1213,0,1.1,31.1,22.5,55.0,934.0,37
2023-07-02T14:11:10.700000+00:00,9118,1213,0,1.6,31.1,22.5,55.0,934.0,104
2023-07-02T14:12:10.699000+00:00,9118,1213,0,1.0,31.1,22.5,54.0,934.0,159
2023-07-02T14:13:10.713000+00:00,9118,1213,0,1.7,31.2,22.5,54.0,933.9,93
2023-07-02T14:14:10.712000+00:00,9118,1213,0,1.0,31.5,22.6,54.0,934.0,69
2023-07-02T14:15:10.711000+00:00,9118,1213,0,1.3,31.6,22.7,53.0,934.0,126
2023-07-02T14:16:10.726000+00:00,9118,1213,0,1.3,31.8,22.7,53.0,933.9,10
2023-07-02T14:17:10.865000+00:00,9118,1213,0,1.1,31.8,22.7,54.0,934.0,96
2023-07-02T14:18:10.739000+00:00,9118,1213,0,1.7,31.8,22.8,53.0,934.0,322
2023-07-02T14:19:10.754000+00:00,9118,1213,0,0.6,32.1,22.8,53.0,934.0,92
2023-07-02T14:20:10.768000+00:00,9118,1213,0,1.1,32.1,22.8,53.0,934.0,30
2023-07-02T14:21:10.767000+00:00,9118,1213,0,0.6,32.0,22.8,52.0,934.0,109
2023-07-02T14:22:10.782000+00:00,9118,1213,0,0.6,32.0,22.8,52.0,934.0,0
2023-07-02T14:23:10.796000+00:00,9118,1213,0,0.6,31.4,22.9,52.0,934.0,55
2023-07-02T14:24:10.795000+00:00,9118,1213,0,0.6,31.4,22.8,53.0,934.0,40
2023-07-02T14:25:10.794000+00:00,9118,1213,0,0.8,31.3,22.8,53.0,934.0,59
2023-07-02T14:26:10.809000+00:00,9118,1213,0,0.8,31.5,22.7,53.0,934.0,27
2023-07-02T14:27:10.807000+00:00,9118,1213,0,0.6,31.1,22.7,52.0,934.0,155
2023-07-02T14:28:10.822000+00:00,9118,1213,0,0.8,31.5,22.7,52.0,934.0,318
2023-07-02T14:29:10.915000+00:00,9118,1213,0,0.4,31.0,22.6,53.0,934.0,118
2023-07-02T14:30:10.836000+00:00,9118,1213,0,1.2,31.1,22.6,53.0,933.9,5
2023-07-02T14:31:10.866000+00:00,9118,1213,0,1.2,31.1,22.6,53.0,933.9,5
2023-07-02T14:32:10.865000+00:00,9118,1213,0,1.2,31.1,22.6,53.0,933.9,5
2023-07-02T14:33:10.879000+00:00,9118,1213,0,1.2,31.1,22.6,53.0,933.9,5
